Display Name,Username,user_email
george2212,george2212,invalid9@gmail.com
mahamani2136,mahamani2136,invalid16@gmail.com
Manpreet Singh,manpreet7188,invalid7188@gmail.com
rais7009,rais7009,invalid20@gmail.com
rusha9713,rusha9713,invalid15@gmail.com
saha4253,saha4253,invalid13@gmail.com
Shaikh Ajaaz Abdul Majeed,shaikh4244,invalidajaaz@gmail.com
